Data,IVVB11,GOLD11,USD,IBOV,IBRA,IBXX,IGPM,IMAB5,IMA-B,IRF-M,IPCA,GOLD,SP500US,SELIC,IMA-S,SP500BR
Dec-1999,,,1.789,17091,,3238,178.099,,,,7.5829210281,16.8,1469.26,509.407776,,2628.50614
Jan-2000,,,1.8024,16388,,3117,180.301,,,,7.6299352646,16.6,1394.46,516.8233913,,2513.3747040000003
Feb-2000,,,1.7685,17660,,3280,180.935,,,876.7265,7.6398539543,16.83,1366.42,524.321954,,2416.51377
Mar-2000,,,1.7473,17820,,3349,181.214,,,893.7862,7.6566619873,15.95,1498.58,531.9207548,,2618.468834
Apr-2000,,,1.8067,15537,,2959,181.635,,,899.7219,7.6888198853,16.8,1452.43,538.8126212,,2624.105281
May-2000,,,1.8266,14956,,2894,182.189,,,912.7307,7.6895885468,16.95,1420.6,546.8617458,,2594.86796
Jun-2000,,,1.8,16727,,3282,183.745,,,933.8281,7.7072749138,17.6,1454.6,554.4726816,,2618.2799999999997
Jul-2000,,,1.7748,16454,,3226,186.634,,,949.4683,7.8313617706,17.32,1430.83,561.7140925,,2539.4370839999997
Aug-2000,,,1.8234,17346,,3442,191.087,,,965.1018,7.9339528084,17.5,1517.68,569.6086311,,2767.337712
Sep-2000,,,1.8437,15928,,3249,193.297,,,977.5661,7.9522008896,17.5,1436.51,576.5784869,,2648.4934869999997
Oct-2000,,,1.909,14867,,3080,194.04,,,988.6078,7.9633340836,17.35,1429.4,584.0035579,,2728.7246
Nov-2000,,,1.9596,13287,,2828,194.599,,,999.0746,7.9888167381,17.78,1314.95,591.1278007,,2576.7760200000002
Dec-2000,,,1.9554,15259,,3211,195.827,,,1018.16,8.0359506607,17.8,1320.28,598.2105014,,2581.675512
Jan-2001,,,1.9711,17672,,3683,197.045,,,1035.831,8.0817556381,17.4,1366.01,605.7782758,,2692.542311
Feb-2001,,,2.0452,15891,,3410,197.491,,,1042.657,8.1189317703,17.85,1239.94,611.9319842,,2535.925288
Mar-2001,,,2.1616,14438,,3197,198.606,,,1041.615,8.1497831345,18.1,1160.33,619.629201,,2508.169328
Apr-2001,,,2.1847,14917,,3358,200.591,,,1050.329,8.197052002,18.81,1249.46,626.9803168,,2729.6952619999997
May-2001,,,2.36,14649,,3418,202.324,,,1065.377,8.2306604385,21.1,1255.82,635.3616017,,2963.7351999999996
Jun-2001,,,2.3049,14559,,3368,204.31,,,1077.435,8.2734594345,21,1224.42,643.4517598,,2822.165658
Jul-2001,,,2.4313,13754,,3260,207.341,,,1091.211,8.3834962845,21,1211.23,653.0905531,,2944.8634989999996
Aug-2001,,,2.5517,12840,,3113,210.211,,,1119.258,8.4421815872,21.85,1133.58,663.54001,,2892.5560859999996
Sep-2001,,,2.6713,10635,,2665,210.853,,,1134.812,8.4658193588,24.8,1040.94,672.3273416,,2780.663022
Oct-2001,,,2.7071,11364,,2830,213.339,,,1158.503,8.5360851288,23.7,1059.78,682.6471462,,2868.930438
Nov-2001,,,2.5287,12931,,3030,215.685,,,1178.987,8.5966920853,22,1139.45,692.1594126,,2881.3272150000003
Dec-2001,,,2.3204,13577,,3182,216.163,,,1201.331,8.6525697708,21.5,1148.08,701.8049419,557.75373481,2664.0048319999996
Jan-2002,,,2.4183,12721,,3089,216.944,,,1219.987,8.6975631714,22.7,1130.2,712.5703448,566.44157096,2733.16266
Feb-2002,,,2.3482,14033,,3440,217.074,,,1239.727,8.7288751602,22.75,1106.73,721.4647577,572.44181093,2598.823386
Mar-2002,,,2.3236,13254,,3404,217.276,,,1257.98,8.7812480927,22.91,1147.39,731.3584405,580.22545356,2666.075404
Apr-2002,,,2.3625,13085,,3430,218.486,,,1273.19,8.8514976501,23.7,1076.87,742.2086344,584.9084876,2544.1053749999996
May-2002,,,2.522,12861,,3404,220.292,,,1292.919,8.8700866699,26.6,1067.13,752.7108077,582.46872538,2691.30186
Jun-2002,,,2.8444,11139,,3134,223.688,,,1293.804,8.9073410034,29,989.82,762.7145813,588.71011791,2815.444008
Jul-2002,,,3.4285,9762,,2819,228.057,,,1310.001,9.013338089,34.9,911.62,774.4255645,592.86320387,3125.4891700000003
Aug-2002,,,3.0223,10382,,2935,233.348,,,1350.058,9.0719242096,31,916.07,785.6036545,600.13076854,2768.6383610000003
Sep-2002,,,3.8949,8622,,2640,238.943,,,1363.969,9.1372423172,37.5,815.29,796.4549336,609.60332805,3175.473021
Oct-2002,,,3.645,10167,,3124,248.199,,,1387.824,9.256939888,35.2,885.76,809.5639861,620.69625866,3228.5952
Nov-2002,,,3.6365,10508,,3167,261.08,,,1412.186,9.5364999771,36.9,936.31,822.0388067,634.35266185,3404.891315
Dec-2002,,,3.5333,11268,,3364,270.867,,,1442.197,9.7367668152,38.9,879.82,836.3624102,647.39276138,3108.6680060000003
Jan-2003,,,3.5258,10941,,3250,277.173,,,1474.307,9.9558439255,40.7,855.7,852.8493419,664.05362342,3017.02706
Feb-2003,,,3.5632,10280,,3152,283.506,,,1502.058,10.112150192,39.5,841.15,868.4597245,677.53191388,2997.18568
Mar-2003,,,3.3531,11273,,3368,287.855,,,1530.873,10.236530304,35.7,848.18,883.8924159,691.40859674,2844.032358
Apr-2003,,,2.8898,12556,,3554,290.512,,,1574.475,10.335824012,31.6,916.92,900.4353018,706.46528038,2649.715416
May-2003,,,2.9656,13421,,3745,289.747,,,1600.675,10.398872375,35,963.59,918.1320294,723.17640133,2857.622504
Jun-2003,,,2.872,12972,,3648,286.843,,,1637.357,10.383274078,32.4,974.5,935.1787983,739.0230041,2798.7639999999997
Jul-2003,,,2.9655,13571,,3938,285.649,,,1674.12,10.40404129,33.551,990.31,954.6702389,756.014257,2936.7643049999997
Aug-2003,,,2.9665,15174,,4361,286.735,,,1718.889,10.439414978,35.7,1008.01,971.6085817,769.82036153,2990.261665
Sep-2003,,,2.9234,16010,,4409,290.127,785.31971189,732.1347792,1754.319,10.52083,35.85,995.97,987.9268355,783.95238497,2911.618698
Oct-2003,,,2.8562,17982,,4774,291.229,801.08254652,749.92119437,1786.1433428,10.55134,35.59,1050.71,1004.1491862,798.09175697,3001.037902
Nov-2003,,,2.9494,20183,,5218,292.657,817.40510351,780.71350614,1824.2488213,10.58721,37.5,1058.2,1017.6402457,812.47474395,3121.05508
Dec-2003,,,2.8892,22236,,6004,294.455,836.36404384,811.97006745,1850.0756928,10.64226349,38.6,1111.92,1031.6149952,824.52363001,3212.5592640000004
Jan-2004,,,2.9409,21851,,5875,297.039,860.04516467,859.64082368,1871.1267753,10.7231447,37.9,1131.11,1044.6912451,836.37456898,3326.481399
Feb-2004,,,2.9138,21755,,6041,299.097,870.41553182,872.12484608,1890.9835151,10.78855588,37,1144.94,1056.0198163,845.25934436,3336.126172
Mar-2004,,,2.9086,22142,,6077,302.484,881.70536815,884.87376837,1920.7615749,10.83926211,39.3,1126.21,1070.583633,856.5161186,3275.694406
Apr-2004,,,2.9447,19607,,5283,306.151,889.93705029,893.73477356,1935.6441444,10.87936737,36.4,1107.3,1083.2363269,863.86358732,3260.66631
May-2004,,,3.1291,19544,,5480,310.152,896.0930294,890.41586751,1935.2818636,10.93485217,39.65,1120.68,1096.5363539,874.36679673,3506.7197880000003
Jun-2004,,,3.1075,21148,,5791,314.419,911.85673099,902.66624537,1976.2684616,11.01248965,38.5,1140.83,1110.0225322,886.04220526,3545.1292249999997
Jul-2004,,,3.0268,22336,,6104,318.532,926.4586533,917.86072679,1998.2677555,11.11270326,38,1101.72,1124.3072944,897.37392474,3334.6860960000004
Aug-2004,,,2.9338,22803,,6347,322.412,936.8380634,926.4479044,2025.8350718,11.18938095,38.4,1104.24,1138.8511744,908.97756032,3239.6193120000003
Sep-2004,,,2.8586,23245,,6719,324.651,949.27058053,938.51740318,2055.6227858,11.22630596,38.5,1114.58,1153.1019276,919.86298735,3186.138388
Oct-2004,,,2.8565,23052,,6861,325.925,958.27782556,947.44502978,2077.4758758,11.27570175,39.1,1130.2,1167.0916355,931.53759883,3228.4163000000003
Nov-2004,,,2.7307,25128,,7240,328.588,969.14926601,958.69877894,2104.4164243,11.35350414,39.12,1173.82,1181.691784,943.36546829,3205.350274
Dec-2004,,,2.6544,26196,,7796,331.005,983.33734661,973.14721851,2135.6702667,11.451144235,37.5,1211.92,1199.2141834,958.30199408,3216.920448
Jan-2005,,,2.6248,24350,,7488,332.298,995.94675539,984.90408844,2158.1791836,11.51756084,35.6,1181.27,1215.8098961,972.16200704,3100.597496
Feb-2005,,,2.595,28139,,8606,333.288,989.86643227,990.2956477,2187.492361,11.58551441,36.5,1203.59,1230.6207193,984.41207098,3123.31605
Mar-2005,,,2.6662,26610,,8117,336.123,1000,1000,2215.4732111,11.65618604,36.9,1180.58,1249.4267953,1000,3147.6623959999997
Apr-2005,,,2.5313,24843,,7493,339.03,1013.3161495,1013.6358145,2247.0056238,11.75759482,35.3,1156.84,1267.062817,1014.3377395,2928.3090919999995
May-2005,,,2.4038,25207,,7612,338.299,1026.7980619,1028.3501107,2283.7175165,11.81520701,32.6,1191.5,1286.107595,1029.7690309,2864.1277
Jun-2005,,,2.3504,25051,,7765,336.801,1029.6836665,1033.6535431,2323.7692947,11.81284396,33.1,1191.33,1306.5001525,1046.4419835,2800.102032
Jul-2005,,,2.3905,26042,,8114,335.663,1033.6250433,1041.2083953,2353.1899391,11.84237611,33.1,1234.18,1326.2458795,1062.4564853,2950.3072899999997
Aug-2005,,,2.3637,28044,,8915,333.474,1045.2317884,1052.2628559,2388.8646159,11.86250814,33,1220.33,1348.2414462,1079.9723624,2884.494021
Sep-2005,,,2.2222,31583,,9981,331.69,1048.7425199,1058.2568856,2430.5384159,11.90402688,33.75,1228.81,1368.507349,1096.6157377,2730.6615819999997
Oct-2005,,,2.2543,30193,,9566,333.694,1056.1654631,1067.7557367,2463.1144941,11.9933071,33.6,1207.01,1387.7644961,1112.3789245,2720.9626430000003
Nov-2005,,,2.207,31916,,10195,335.033,1079.97252,1088.5125688,2508.8819352,12.05927029,35.2,1249.48,1406.9300927,1129.2401721,2757.60236
Dec-2005,,,2.3407,33455,1000,10706,335.006,1101.8601383,1108.3559706,2552.9970747,12.10268367,38.6,1248.29,1427.6622218,1147.2042454,2921.872403
Jan-2006,,,2.216,38382,1177.75,12669,338.083,1134.6954195,1138.1406088,2598.8967453,12.17408953,40.8,1280.08,1448.0680465,1164.4988133,2836.65728
Feb-2006,,,2.1355,38610,1165.09,12525,338.128,1170.1608167,1198.4620044,2641.155792,12.22400327,39.1,1280.66,1464.6493389,1178.3431134,2734.84943
Mar-2006,,,2.1724,37951,1134.73,12171,337.339,1174.7234382,1193.8618271,2677.5333312,12.27656651,40.3,1294.83,1485.4810756,1195.246734,2812.888692
Apr-2006,,,2.0892,40363,1195.54,12836,335.921,1182.9172386,1199.304124,2706.5781251,12.3023473,44,1310.6,1501.4927525,1208.1688962,2738.1055199999996
May-2006,,,2.3005,36530,1098.62,11878,337.185,1162.1162287,1158.7181198,2716.4393691,12.31464965,49.6,1270.08,1520.7323629,1223.6446259,2921.81904
Jun-2006,,,2.1643,36630,1095.39,11830,339.712,1184.6356815,1179.3976804,2765.743777,12.28878894,43,1270.2,1538.7438243,1238.175085,2749.09386
Jul-2006,,,2.1762,37077,1113.1,12028,340.312,1212.8105668,1219.5971615,2808.6259589,12.3121376,44.5,1276.66,1556.7466025,1252.6680277,2778.2674920000004
Aug-2006,,,2.1388,36232,1095.72,11846,341.574,1235.8333193,1246.6245623,2856.7198918,12.31829367,43.7,1303.82,1576.3034594,1268.4098192,2788.6102159999996
Sep-2006,,,2.1742,36449,1098.54,11845,342.561,1244.2307576,1253.8811619,2894.7158872,12.34416212,41.5,1335.85,1592.9698709,1281.814071,2904.40507
Oct-2006,,,2.143,39262,1176.52,12688,344.155,1277.7231899,1288.4923687,2939.4759122,12.384898,42.2,1377.94,1610.4008547,1295.8541938,2952.92542
Nov-2006,,,2.1668,41931,1261.61,13624,346.746,1299.1045115,1315.0218587,2975.8445423,12.423291,45.25,1400.63,1626.8366891,1309.0887513,3034.885084
Dec-2006,,,2.138,44473,1348.29,14567,347.842,1331.0838619,1353.153246,3020.1280336,12.4829228,43.5,1418.3,1642.907982,1322.01743,3032.3253999999997
Jan-2007,,,2.1247,44641,1358.47,14703,349.593,1350.4582395,1373.0498358,3051.5402677,12.53784766,44.9,1438.24,1660.6973649,1336.3509398,3055.8285279999996
Feb-2007,,,2.1182,43892,1324.31,14313,350.524,1364.9401744,1392.0232218,3086.0098701,12.59301423,45.5,1406.82,1675.1860555,1348.0016679,2979.9261239999996
Mar-2007,,,2.0504,45804,1380.32,14922,351.717,1383.9344932,1422.2436637,3128.8244833,12.6396084,44.8,1420.86,1692.81272,1362.2077202,2913.3313439999993
Apr-2007,,,2.0339,48956,1460.01,15788,351.869,1416.6103243,1483.8117554,3184.6298643,12.67120742,46.55,1482.37,1708.80681,1375.0818269,3014.992343
May-2007,,,1.9289,52268,1553.69,16809,352.02,1436.950198,1522.3406154,3230.6985785,12.70668678,44,1530.62,1726.37471,1389.2444704,2952.412918
Jun-2007,,,1.9262,54392,1591,17492,352.936,1453.4213281,1529.5047547,3248.4129577,12.7422655,42.5,1503.35,1742.00917,1401.8436169,2895.7527699999996
Jul-2007,,,1.8776,54182,1611.46,17697,353.92,1456.7204951,1514.9186863,3263.2399484,12.7728469,41.4,1455.27,1758.95246,1415.4989342,2732.414952
Aug-2007,,,1.962,54637,1599.92,17866,357.404,1465.2396104,1506.2321742,3265.1084465,12.83287928,42.4,1473.96,1776.41251,1429.5097447,2891.90952
Sep-2007,,,1.8389,60465,1774.98,19879,361.997,1485.0166614,1543.4688447,3310.7539921,12.8559785,44,1526.75,1790.71181,1441.0867701,2807.540575
Oct-2007,,,1.744,65317,1923.23,21614,365.794,1486.6326421,1539.6754381,3329.9563879,12.89454644,47.5,1549.38,1807.35618,1454.7081038,2702.1187200000004
Nov-2007,,,1.7837,63006,1867.6,21016,368.334,1497.4453149,1532.2317945,3334.6464679,12.94354568,50.3,1481.14,1822.62221,1466.9643796,2641.909418
Dec-2007,,,1.7713,63886,1911.06,21534,374.815,1506.4415747,1543.1847045,3344.237338,13.03932794,48.4,1468.36,1838.01718,1479.4687088,2600.906068
Jan-2008,,,1.7603,59490,1742.41,19670,378.9,1526.9960167,1564.4713285,3380.8717654,13.10974027,51.8,1378.55,1855.09923,1493.5814039,2426.661565
Feb-2008,,,1.6833,63489,1875.02,21034,380.906,1549.2313838,1598.3361064,3425.0801096,13.17397803,52.8,1330.63,1869.98128,1505.7711011,2239.8494790000004
Mar-2008,,,1.7491,60968,1791.87,20077,383.731,1537.5303736,1566.3932646,3423.6616569,13.23721309,51.5,1322.7,1885.77493,1518.6204774,2313.5345700000003
Apr-2008,,,1.6872,67868,1999.74,22451,386.38,1565.0233431,1606.6668257,3441.6311535,13.31001777,46.5,1385.59,1902.77368,1532.3040131,2337.767448
May-2008,,,1.6294,72592,2143.43,24080,392.592,1573.1998768,1626.4719078,3464.5794425,13.41516694,46.6,1400.38,1919.45682,1545.7169442,2281.779172
Jun-2008,,,1.5919,65017,1922.38,21694,400.382,1585.869041,1629.3534666,3457.7471832,13.51494495,47,1280,1937.79895,1560.4257976,2037.632
Jul-2008,,,1.5666,59505,1758.14,19366,407.446,1602.9428249,1643.4357746,3530.3103141,13.58657421,46.5,1267.38,1958.52698,1577.0841252,1985.4775080000002
Aug-2008,,,1.6344,55680,1650.4,18231,406.127,1619.1168496,1652.631619,3577.9459302,13.62461661,44,1282.82,1978.45796,1593.0516603,2096.641008
Sep-2008,,,1.9143,49541,1488.81,16532,406.557,1614.8403447,1625.0875112,3609.7510884,13.6600406,53.9,1164.74,2000.28212,1609.6446562,2229.6617819999997
Oct-2008,,,2.1153,37256,1125.02,12381,410.524,1605.6544008,1562.7741649,3544.2793146,13.72151078,51,968.75,2023.80294,1628.0315898,2049.196875
Nov-2008,,,2.3331,36595,1108.06,12102,412.104,1642.2458308,1615.2352692,3635.9804702,13.77090824,57.8,896.24,2044.44514,1644.3376693,2091.017544
Dec-2008,,,2.337,37550,1138.85,12539,411.575,1714.2297366,1713.3900796,3808.5055074,13.80946674,63.95,903.25,2067.42659,1662.8836391,2110.89525
Jan-2009,,,2.3162,39300,1175.74,12979,409.782,1761.6725052,1787.3239811,3881.4452302,13.87575214,67.5,825.88,2089.08929,1680.600158,1912.9032559999998
Feb-2009,,,2.3784,38183,1162.73,12856,410.849,1789.5362946,1811.5386571,3932.437634,13.95206874,70,735.09,2106.95297,1694.9587142,1748.338056
Mar-2009,,,2.3152,40925,1221.37,13807,407.808,1817.8169251,1840.8903689,4003.980644,13.97997284,67,797.87,2127.40915,1711.4915892,1847.2286239999999
Apr-2009,,,2.1783,47289,1388.5,15626,407.181,1828.5907372,1837.2048188,4014.8010745,14.04707667,62.35,872.81,2145.27021,1725.9098307,1901.242023
May-2009,,,1.973,53197,1536.95,17349,406.885,1868.0050655,1920.1168995,4086.56588,14.11309796,63,919.14,2161.8078,1739.2062044,1813.46322
Jun-2009,,,1.9516,51465,1480.18,16660,406.486,1876.0312965,1929.0810062,4101.3444225,14.16390515,60,919.32,2178.28454,1752.5251484,1794.1449120000002
Jul-2009,,,1.8726,54765,1563.02,17489,404.718,1901.7760685,1953.5675303,4141.1146574,14.19789847,57.1,987.48,2195.49597,1766.3965265,1849.155048
Aug-2009,,,1.8864,56488,1597.17,17823,403.253,1914.5255214,1986.6392734,4174.2943796,14.21919535,56.9,1020.62,2210.72703,1778.6451575,1925.2975680000002
Sep-2009,,,1.7781,61517,1752.66,19573,404.945,1926.9320407,2004.3825404,4195.0637589,14.25332137,57.45,1057.07,2226.06376,1790.976213,1879.576167
Oct-2009,,,1.744,61545,1759.2,19642,405.129,1936.8460675,1981.8785448,4217.2504321,14.2932307,59.3,1036.18,2241.50688,1803.3986363,1807.0979200000002
Nov-2009,,,1.7505,67044,1908.02,21304,405.548,1951.2267772,2002.5000636,4246.5250756,14.35183295,68.21,1095.63,2256.31421,1815.3095533,1917.900315
Dec-2009,,,1.7412,68588,1944.87,21672,404.499,1970.8206821,2038.0860816,4283.5081639,14.40493478,62,1115.1,2272.71445,1828.5053938,1941.61212
Jan-2010,,,1.8748,65401,1866.71,20758,407.049,1994.5585616,2062.2090369,4330.5417866,14.51297181,66,1073.87,2287.7271,1840.5836499,2013.2914759999999
Feb-2010,,,1.811,66503,1915.02,20994,411.843,2019.3515602,2098.3819401,4369.7129026,14.62617298,65.21,1104.49,2301.32401,1851.5171172,2000.23139
Mar-2010,,,1.781,70371,2009.6,22088,415.734,2048.1323049,2139.7735092,4422.1886889,14.70222908,68,1169.43,2318.81551,1865.5865884,2082.75483
Apr-2010,,,1.7306,67529,1937.63,21270,418.917,2051.6472376,2154.2754913,4430.9534974,14.78603181,69,1186.68,2334.25672,1877.9562625,2053.668408
May-2010,,,1.8167,63046,1824.62,19997,423.885,2067.726338,2146.869942,4482.303095,14.84961174,72,1089.41,2351.79569,1892.065469,1979.131147
Jun-2010,,,1.8015,60935,1743.49,19055,427.489,2087.05322,2174.2394,4526.372992,14.8496117,74.1,1030.71,2370.43538,1907.007949,1856.8240650000002
Jul-2010,,,1.7572,67515,1934.55,21151,428.15,2115.213946,2208.623556,4598.195107,14.85109666,71.2,1101.6,2390.84547,1923.391091,1935.73152
Aug-2010,,,1.756,65145,1873,20435,431.445,2136.141847,2252.78297,4662.29015,14.85703714,73.75,1049.33,2412.08141,1940.473018,1842.62348
Sep-2010,,,1.6942,69429,2000.72,21852,436.423,2151.751002,2264.45681,4684.539691,14.92389377,74.3,1141.2,2432.52802,1956.92126,1933.42104
Oct-2010,,,1.7014,70673,2028.96,22218,440.829,2186.663331,2309.624845,4731.132732,15.035823,80,1183.26,2452.16209,1972.715965,2013.198564
Nov-2010,,,1.7161,67705,1967.28,21494,447.206,2197.290874,2329.764978,4736.85045,15.16062033,85,1180.55,2471.95464,1988.642207,2025.9418549999998
Dec-2010,,,1.6662,69304,2031.14,22239,450.301,2227.718087,2385.460775,4791.831607,15.2561322,82,1257.64,2494.91632,2007.112624,2095.479768
Jan-2011,,,1.6734,66574,1956.35,21462,453.875,2245.320318,2378.036217,4788.155289,15.3827581,74.3,1286.12,2516.43062,2024.382843,2152.1932079999997
Feb-2011,,,1.6612,67383,1995.12,21891,458.397,2262.890404,2393.316222,4849.055278,15.50582016,78.4,1324.32,2537.6669,2041.463304,2199.960384
Mar-2011,,,1.6287,68586,2044.35,22385,461.249,2303.269383,2430.61495,4888.895207,15.62831618,78.4,1325.83,2561.02523,2060.217196,2159.379321
Apr-2011,,,1.5733,66132,1979.35,21561,463.311,2320.132284,2443.954669,4941.173831,15.74865423,79.5,1363.61,2582.54197,2077.509133,2145.367613
May-2011,,,1.5799,64620,1934,21071,465.311,2341.050072,2480.410851,5003.910664,15.82267287,78.8,1345.2,2608.05718,2098.032538,2125.28148
Jun-2011,,,1.5611,62403,1905,20745,464.463,2356.446084,2472.928541,5043.709551,15.84640691,80.5,1320.64,2632.9974,2118.078113,2061.651104
Jul-2011,,,1.5563,58823,1809,19705,463.927,2386.132629,2489.591174,5080.207025,15.87176115,88,1292.28,2658.48173,2138.558254,2011.175364
Aug-2011,,,1.5872,56495,1734,18884,465.968,2479.31829,2624.685007,5243.914724,15.9304866,94.98,1218.89,2687.03547,2161.529795,1934.622208
Sep-2011,,,1.8544,52324,1655,18025,468.975,2520.590645,2641.922528,5322.625593,16.01491818,97.9,1131.42,2712.34086,2181.929619,2098.1052480000003
Oct-2011,,,1.6885,58338,1800,19618,471.466,2537.773211,2683.001501,5373.29897,16.083782535,93.5,1253.3,2736.2626,2201.236098,2116.1970499999998
Nov-2011,,,1.8109,56874,1781,19410,473.808,2573.597604,2737.302528,5468.013799,16.16741817,101.7,1246.96,2759.80769,2220.23489,2258.1198640000002
Dec-2011,,,1.8758,56754,1810,19706,473.252,2577.200446,2745.86213,5484.484462,16.24825529,95,1257.6,2784.84849,2240.518595,2359.0060799999997
Jan-2012,,,1.7391,63072,1953,21267,474.429,2624.970064,2790.660319,5555.406306,16.33924553,95.6,1312.41,2809.66201,2260.700205,2282.4122310000002
Feb-2012,,,1.7092,65811,2034,22086,474.138,2663.374864,2851.309986,5614.903113,16.4127721,96,1365.68,2830.69978,2277.865401,2334.220256
Mar-2012,,,1.8221,64510,2035,22035,476.166,2693.30887,2905.85916,5679.144771,16.44723892,95.7,1408.47,2853.94347,2299.447282,2566.373187
Apr-2012,,,1.8918,61820,1990,21489,480.229,2739.403652,3034.299989,5777.829356,16.55250123,100.8,1397.91,2874.25985,2316.79532,2644.566138
May-2012,,,2.0223,54490,1824,19640,485.14,2758.535986,3093.953997,5862.624978,16.6120902,101,1310.33,2895.66499,2334.141212,2649.8803589999998
Jun-2012,,,2.0213,54354,1842,19813,488.342,2780.299497,3078.495467,5938.36037,16.62537987,103.35,1362.16,2914.24054,2348.531017,2753.3340080000003
Jul-2012,,,2.0499,56097,1898,20428,494.891,2826.694987,3167.159498,6008.882891,16.69686903,106,1379.32,2934.05637,2362.147476,2827.468068
Aug-2012,,,2.0372,57061,1900,20397,501.957,2844.542584,3224.438559,6050.375144,16.76532616,110.95,1406.58,2954.35467,2377.672449,2865.484776
Sep-2012,,,2.0306,59175,1950,20965,506.804,2891.611637,3270.712226,6085.780564,16.86088856,115.9,1440.67,2970.27874,2390.18354,2925.4245020000003
Oct-2012,,,2.0313,57068,1935,20741,506.926,2943.939306,3394.857298,6185.997737,16.96036784,112.7,1412.16,2988.43742,2404.733741,2868.520608
Nov-2012,,,2.1074,57474,1960,20980,506.795,2973.668612,3412.892422,6209.999192,17.06213001,117,1416.18,3004.8395,2417.757412,2984.4577320000003
Dec-2012,,,2.0435,60952,2057,21982,510.252,3014.912064,3478.379033,6268.515822,17.19692083,109.5,1426.19,3021.37074,2430.983176,2914.419265
Jan-2013,,,1.9883,59761,2062,22032,511.977,3021.902967,3497.101393,6269.221379,17.34481435,107,1498.11,3039.54255,2445.842558,2978.6921129999996
Feb-2013,,,1.9754,57424,2006,21395,513.467,3006.670645,3466.433711,6271.643571,17.44888329,100,1514.68,3054.51993,2457.987879,2992.098872
Mar-2013,,,2.0138,56352,2019,21531,514.526,3026.453595,3401.15081,6280.497705,17.53089305,103.5,1569.19,3071.30177,2472.084264,3160.0348219999996
Apr-2013,,,2.0017,55910,2035,21700,515.276,3054.30381,3454.95136,6365.515973,17.62731296,95,1597.57,3090.14895,2487.713187,3197.855869
May-2013,,,2.1319,53506,2019,21510,515.299,3017.977353,3298.935465,6310.236474,17.69253406,94.6,1630.74,3108.64485,2502.746771,3476.5746059999997
Jun-2013,,,2.2156,47457,1834,19560,519.153,2998.863274,3206.88818,6248.63531,17.73853469,88.4,1606.28,3127.46068,2517.994092,3558.8739679999994
Jul-2013,,,2.2903,48234,1866,19900,520.508,3025.038034,3248.287554,6332.056767,17.74385626,97,1685.73,3150.10648,2536.062957,3860.8274189999997
Aug-2013,,,2.3725,50011,1893,20272,521.27,3011.723188,3163.401002,6263.063138,17.78644156,107.9,1632.97,3172.4823,2552.73191,3874.221325
Sep-2013,,,2.23,52338,1987,21281,529.085,3048.186965,3175.618881,6359.751676,17.84869415,94,1681.55,3195.10301,2570.83806,3749.8565
Oct-2013,,,2.2026,54256,2091,22422,533.621,3062.997977,3204.527554,6406.688993,17.95043176,95,1756.54,3220.99987,2591.410768,3868.955004
Nov-2013,,,2.3249,52482,2048,21970,535.168,3062.822665,3089.590779,6378.767364,18.04736413,92.5,1805.81,3244.16577,2609.872933,4198.327669
Dec-2013,,,2.3426,51507,1984,21294,538.37,3098.655694,3129.913583,6432.11494,18.21339985,90.5,1848.36,3269.78618,2630.363726,4329.9681359999995
Jan-2014,,,2.4263,47638,1822,19559,540.959,3074.171932,3050.08032,6420.682198,18.3135735,96.59,1782.59,3297.55762,2652.557674,4325.098117
Feb-2014,,,2.3334,47094,1817,19497,543.038,3162.301194,3185.474422,6560.644455,18.43993716,98.7,1859.45,3323.61288,2673.418259,4338.840630000001
Mar-2014,,,2.263,50414,1938,20841,552.087,3190.757611,3208.087891,6601.731847,18.60958462,94,1872.34,3349.07005,2693.804263,4237.10542
Apr-2014,42.3,,2.236,51626,1989,21406,556.42,3232.757883,3285.676516,6686.17419,18.73426882,92.05,1883.95,3376.62202,2715.86934,4212.5122
May-2014,43.77,,2.239,51239,1968,21167,555.679,3280.212989,3425.826158,6808.93493,18.82044644,90.6,1923.57,3405.85962,2739.209206,4306.873229999999
Jun-2014,43.7,,2.2025,53168,2039,21934,551.554,3316.601359,3427.850036,6871.526934,18.8957282,94,1960.23,3433.94029,2761.072176,4317.406575
Jul-2014,44.44,,2.2674,55829,2125,22913,548.202,3345.006235,3466.477202,6949.506309,18.8976178,93,1930.67,3466.51939,2786.994202,4377.6011579999995
Aug-2014,45.34,,2.2396,61288,2326,25110,546.745,3390.256058,3633.530515,7060.08395,18.94486186,92.5,2003.37,3496.53915,2810.994987,4486.747452
Sep-2014,48.8,,2.451,54115,2067,22286,547.839,3390.368738,3505.140886,7007.942435,19.05284757,95,1972.29,3528.26333,2836.379271,4834.08279
Oct-2014,50.29,,2.4442,54628,2086,22497,549.396,3422.144784,3578.057224,7087.677544,19.13286953,93.79,2018.05,3561.80097,2863.155,4932.517809999999
Nov-2014,53.95,,2.5601,54724,2092,22567,554.769,3457.967661,3654.79397,7169.780681,19.23044716,97.3,2067.56,3591.80918,2887.191885,5293.160355999999
Dec-2014,55.39,,2.6562,50007,1923,20702,558.213,3459.384677,3585.122707,7165.497928,19.38044465,101.4,2058.9,3626.33727,2914.868628,5468.85018
Jan-2015,54.7,,2.6623,46907,1809,19485,562.482,3530.433548,3696.884341,7293.455716,19.62076217,109,1994.99,3660.24642,2942.058218,5311.261877
Feb-2015,61.05,,2.8782,51583,1974,21302,564.004,3573.540034,3716.970454,7314.601701,19.86013546,111.2,2104.5,3690.3488,2966.253624,6057.1719
Mar-2015,66.94,,3.208,51150,1967,21194,569.536,3610.326894,3706.430429,7312.160003,20.12228925,122.8,2067.89,3728.72739,2997.053516,6633.79112
Apr-2015,63.91,,2.9936,56229,2141,23126,576.175,3626.923899,3796.825975,7392.038309,20.26515751,115.5,2085.51,3764.21725,3025.521925,6243.182736000001
May-2015,68.49,,3.1788,52760,2025,21861,578.516,3686.091176,3894.457942,7512.513104,20.41511967,121.9,2107.39,3801.30729,3055.335161,6698.971331999999
Jun-2015,65.5,,3.1026,53080,2039,22028,582.401,3717.310133,3884.032378,7536.693973,20.57639912,118.89,2063.12,3841.855,3087.869549,6401.036111999999
Jul-2015,73.46,,3.394,50864,1967,21270,586.426,3783.511628,3855.866015,7629.600749,20.70397279,119.5,2103.92,3887.11969,3124.237766,7140.70448
Aug-2015,73.1,,3.6467,46625,1805,19515,588.042,3765.779551,3735.785498,7565.066802,20.74952153,131.5,1972.18,3930.22645,3159.014161,7191.948806
Sep-2015,78,,3.9729,45059,1750,18909,593.606,3795.508763,3710.203522,7494.054678,20.86156895,141,1920.03,3973.81123,3194.128919,7628.087187
Oct-2015,82.4,,3.8589,45868,1774,19166,604.832,3889.972453,3805.753621,7562.955781,21.03263381,140.25,2079.36,4017.87936,3229.608833,8024.0423040000005
Nov-2015,83.44,,3.8506,45120,1745,18848,614.051,3911.17865,3845.014402,7632.907131,21.24506341,132.002,2080.41,4060.30328,3263.708505,8010.826746
Dec-2015,83.8,,3.9048,43349,1679,18133,617.044,3994.102205,3903.536544,7676.042321,21.44901602,135.5,2043.94,4107.48714,3301.64491,7981.176912
Jan-2016,79.24,,4.0428,40405,1574,16999,624.06,4112.762573,3978.159969,7890.48824,21.72141853,142,1940.24,4150.8572,3336.462552,7844.002272
Feb-2016,80.02,,3.9796,42793,1658,17899,632.114,4176.026392,4068.08635,8011.930116,21.91691129,158.3,1932.23,4192.48285,3369.113037,7689.5025080000005
Mar-2016,76.15,,3.5589,50055,1911,20658,635.349,4207.693842,4284.14569,8286.169996,22.01115401,143.5,2059.74,4241.20274,3406.772418,7330.408685999999
Apr-2016,73.07,,3.4508,53910,2048,22133,637.434,4272.489587,4452.352536,8572.909951,22.14542205,143,2065.3,4285.98467,3442.283706,7126.937240000001
May-2016,78.15,,3.5951,48471,1858,20051,642.651,4306.608965,4447.979013,8595.270494,22.31815634,140.3,2096.95,4333.51469,3480.216847,7538.7449449999995
Jun-2016,69.48,,3.2098,51526,1977,21350,653.496,4347.010519,4533.792117,8778.664889,22.39626989,136,2098.86,4383.87348,3520.50869,6736.920828
Jul-2016,72.75,,3.239,57308,2202,23765,654.641,4399.472404,4647.473451,8894.606803,22.51273049,140.3,2173.6,4432.48905,3559.609399,7040.2904
Aug-2016,72.55,,3.2403,57901,2228,24031,655.602,4447.594306,4688.673329,8981.418132,22.61178651,134.55,2170.95,4486.35349,3602.518236,7034.529285
Sep-2016,72.67,,3.2462,58367,2241,24176,656.894,4510.280084,4762.310822,9157.449362,22.62987594,139,2168.27,4536.10552,3641.568705,7038.6380739999995
Oct-2016,70.3,,3.1811,64924,2482,26776,657.927,4530.997652,4792.865079,9268.923417,22.68871361,129.5,2126.15,4583.68222,3679.593573,6763.495765
Nov-2016,77.36,,3.3967,61906,2357,25437,657.752,4549.005582,4734.384347,9298.794728,22.7295533,127,2198.81,4631.27438,3717.65821,7468.697927
Dec-2016,75.96,,3.2591,60227,2298,24788,661.304,4612.449577,4872.027519,9470.035125,22.79774196,118.8,2238.83,4683.2982,3758.632485,7296.570853
Jan-2017,74.36,,3.127,64670,2467,26574,665.542,4665.788165,4962.980605,9686.354307,22.88437338,121.69,2278.87,4734.16469,3799.389315,7126.026489999999
Feb-2017,76.45,,3.0993,66662,2550,27452,666.099,4735.407097,5154.008401,9881.375579,22.95989181,124.2,2363.64,4775.11947,3832.557698,7325.629451999999
Mar-2017,76.5,,3.1684,64984,2488,26806,666.197,4801.273426,5207.857596,10030.008917,23.01729154,125,2362.72,4825.3566,3873.115706,7486.042047999999
Apr-2017,78.9,,3.1984,65403,2511,27041,658.898,4835.354213,5191.094404,10083.641569,23.04951575,129,2384.2,4863.31217,3903.988909,7625.625279999999
May-2017,81.36,,3.2437,62711,2419,26052,652.758,4839.429848,5129.41131,10114.090079,23.12096925,131,2411.8,4908.40191,3941.187288,7823.15566
Jun-2017,83.9,,3.3082,62899,2426,26130,648.409,4864.818179,5137.847242,10250.788225,23.06779102,131.5,2423.41,4948.10407,3976.735172,8017.124961999999
Jul-2017,80.55,,3.1307,65920,2545,27413,643.766,5003.289747,5343.237452,10487.245679,23.12315372,126.7,2470.3,4987.58582,4009.408367,7733.768210000001
Aug-2017,81.35,,3.1471,70835.05,2732.08,29427.9,644.383,5066.061728,5414.987242,10598.128995,23.16708771,132,2471.65,5027.60098,4041.711657,7778.529715000001
Sep-2017,83.45,,3.168,74293.51,2862.98,30808.59,647.4,5117.058233,5513.042326,10754.865429,23.20415505,133.1,2519.36,5059.70001,4068.131141,7981.332480000001
Oct-2017,88.06,,3.2769,74308.49,2858.28,30768.93,648.672,5141.821564,5491.995649,10765.893854,23.3016125,133.5,2575.26,5092.28075,4095.077237,8438.869494
Nov-2017,90.5,,3.2616,71970.99,2762.66,29729.33,652.073,5147.104396,5450.220069,10775.176282,23.36685701,132,2647.58,5121.21486,4118.409591,8635.346927999999
Dec-2017,93.55,,3.308,76402.08,2936.02,31616,657.859,5192.589585,5495.358093,10909.32445,23.46967119,135.3,2673.61,5148.78767,4140.688198,8844.301879999999
Jan-2018,94.3,,3.1624,84912.7,3249.27,35012.93,662.826,5261.836264,5682.270986,11050.982721,23.53773323,136,2823.81,5178.86729,4164.829818,8930.016743999999
Feb-2018,92.6,,3.2449,85353.6,3264.23,35158.73,663.311,5290.205794,5713.443924,11172.797304,23.61305398,141,2713.83,5202.98007,4183.912686,8806.106967
Mar-2018,91.66,,3.3238,85365.56,3270.91,35186.47,667.524,5375.917353,5766.894553,11320.658502,23.63430573,141.45,2640.87,5230.67777,4206.284822,8777.723705999999
Apr-2018,97.6,,3.4811,86115.5,3294.84,35474.07,671.327,5398.576666,5758.601309,11373.438456,23.6863012,147.4,2648.05,5257.78838,4227.932331,9218.126855
May-2018,107.37,,3.737,76753.61,2936.89,31604.53,680.579,5314.502806,5576.806581,11162.651229,23.7810464,156.2,2705.31,5285.0395,4249.170587,10109.74347
Jun-2018,111,,3.8558,72762.52,2785.41,29962.77,693.287,5338.400521,5558.956929,11167.585238,24.08068759,156.65,2718.37,5312.43187,4271.301756,10481.491046
Jul-2018,111.58,,3.7549,79220.44,3027.38,32610.22,696.8,5417.221516,5687.660856,11332.244785,24.16015386,146.1,2816.29,5341.28092,4294.55068,10574.887321
Aug-2018,125.2,,4.1353,76677.53,2935.66,31591.01,701.677,5403.372619,5662.197534,11226.83178,24.13840972,157,2901.52,5371.60882,4319.050849,11998.655655999999
Sep-2018,124.1,,4.0039,79342.43,3020.16,32611.26,712.373,5451.21709,5653.739946,11372.304016,24.25427409,154,2913.98,5396.79214,4339.465773,11667.284522
Oct-2018,106.95,,3.7177,87423.55,3335.51,36009.32,718.684,5620.12239,6057.381362,11781.05614,24.36341832,145.99,2711.74,5426.09931,4363.201007,10081.435797999999
Nov-2018,112.9,,3.8633,89504.03,3431.45,36967.81,715.166,5628.147795,6112.166965,11897.634303,24.31225514,150.7,2760.17,5452.88028,4384.771135,10663.364761
Dec-2018,102.7,,3.8748,87887.27,3392.92,36491.43,707.441,5704.863805,6212.982518,12080.131148,24.34872352,158.2,2506.85,5479.79343,4406.458235,9713.542379999999
Jan-2019,104.52,,3.6519,97393.75,3755.47,40400.91,707.488,5792.696205,6484.247792,12247.743845,24.42663944,154.99,2704.1,5509.55134,4430.442097,9875.102789999999
Feb-2019,111.25,,3.7385,95584.35,3692.7,39688.74,713.747,5824.339226,6519.685739,12283.647343,24.53167399,158,2784.49,5536.74419,4452.357768,10409.815865
Mar-2019,118.15,,3.8967,95414.56,3688.18,39643.35,722.707,5870.029315,6557.492193,12355.758079,24.71566154,160.5,2834.4,5562.7017,4473.311796,11044.806480000001
Apr-2019,122.85,,3.9453,96353.33,3727.9,40062.33,729.346,5934.928132,6656.202901,12430.618655,24.85654081,162,2945.83,5591.53319,4496.570269,11622.183099
May-2019,115.05,,3.9407,97030.32,3771.16,40519.55,732.595,6017.151472,6900.08605,12650.555833,24.88885432,164.2,2752.06,5621.8979,4521.067647,10845.042842
Jun-2019,119.7,,3.8322,100967.2,3929.28,42180.16,738.421,6120.403978,7157.766519,12923.396996,24.8913432,175.35,2941.76,5648.25464,4542.328748,11273.412672
Jul-2019,121.11,,3.7649,101812.13,3982.98,42672.69,741.346,6180.020352,7249.904721,13063.882601,24.93863676,179.9,2980.38,5680.32554,4568.18551,11220.832662
Aug-2019,129.08,,4.1385,101134.61,3984.78,42602.77,736.402,6183.096873,7220.768814,13097.814028,24.96606926,212.2,2926.46,5708.82437,4591.349316,12111.154709999999
Sep-2019,132.32,,4.1644,104745.32,4108.08,43971.65,736.362,6290.647703,7427.372973,13286.442539,24.95608283,204,2976.71,5735.29943,4612.796426,12396.211124
Oct-2019,130,,4.0041,107219.83,4201.15,44939.87,741.333,6394.57157,7677.133066,13511.848658,24.98103891,203.09,3037.56,5762.78691,4635.060528,12162.693996
Nov-2019,143.6,,4.224,108233.28,4253.45,45374.96,743.558,6376.529891,7488.693065,13449.71274,25.10844221,207.5,3140.98,5784.70757,4652.735679,13267.499520000001
Dec-2019,138.71,,4.0307,115645.34,4573.24,48675.42,759.112,6455.29161,7638.884659,13533.391484,25.39718929,202.65,3230.78,5806.3827,4670.262213,13022.304946000002
Jan-2020,148.1,,4.2695,113760.57,4522.45,48065.13,762.733,6491.214847,7658.849428,13652.091251,25.45052339,217,3225.52,5828.2509,4687.778447,13771.35764
Feb-2020,141.56,,4.4987,104171.57,4152.7,44113.94,762.423,6532.888771,7693.268698,13740.913517,25.5141497,229,2954.21,5845.37008,4700.653822,13290.104527000001
Mar-2020,144.62,,5.1987,73019.76,2894.97,30840.55,771.908,6418.247525,7156.882578,13726.242001,25.53200961,263.9,2584.59,5865.14905,4716.390507,13436.508033
Apr-2020,170.5,,5.427,80505.89,3188.71,34006.82,778.101,6449.579515,7250.940209,13883.983861,25.45286038,295.4,2912.43,5881.86039,4729.047583,15805.757609999999
May-2020,175.65,,5.4263,87402.59,3452.96,36903.25,780.28,6586.336098,7361.036536,14080.914898,25.35613951,292.2,3044.31,5895.73027,4740.419243,16519.339353
Jun-2020,181.72,,5.476,95055.82,3769.08,40213.02,792.429,6659.898205,7511.804106,14191.54361,25.42206547,310,3100.29,5908.24854,4750.684778,16977.18804
Jul-2020,183.68,,5.2033,102912.24,4080.94,43596.81,810.083,6725.812977,7841.277398,14345.347717,25.5135849,327.99,3271.12,5919.73057,4760.031184,17020.618695999998
Aug-2020,207.15,,5.4713,99369.15,3943.52,42125.27,832.313,6754.490046,7700.332909,14237.747004,25.57481751,342.5,3500.31,5929.19579,4767.715958,19151.246103
Sep-2020,203.98,,5.6407,94603.38,3755.54,40195.6,868.442,6746.14543,7583.918769,14157.972421,25.73849634,337,3363,5938.50291,4754.89044,18969.6741
Oct-2020,202.6,,5.7718,93952.4,3733.61,39975.69,896.505,6759.70166,7599.993205,14111.512266,25.95984741,345,3269.96,5947.82464,4761.26214,18873.555128
Nov-2020,210,,5.3317,108893.32,4310.75,46155.12,925.887,6848.918514,7751.973763,14162.593182,26.19089005,302.5,3621.63,5956.71608,4766.029934,19309.444671
Dec-2020,210.04,10.6,5.1967,119017.24,4705.35,50379.31,934.758,6974.228941,8128.201373,14439.402355,26.54446707,316,3756.07,5966.51202,4781.783466,19519.168969000002
Jan-2021,220,10.88,5.4759,115067.55,4575.3,48854.26,958.844,6981.614828,8058.994085,14323.517244,26.61082823,323.35,3714.24,5975.4314,4792.448456,20338.806816
Feb-2021,231,10.37,5.5302,110035.17,4424.78,47167.32,983.063,6939.958704,7936.755992,14154.661882,26.83968136,307.7,3811.15,5983.47024,4794.948147,21076.42173
Mar-2021,243.2,10.44,5.6973,116633.72,4688.03,50014.2,1011.948,6963.767608,7900.167454,14035.332799,27.08929039,308,3972.89,5995.50226,4803.183173,22634.746197
Apr-2021,247,10.3,5.4036,118893.84,4847.02,51432.65,1027.211,7024.654499,7951.603647,14153.351102,27.17326719,305.5,4181.17,6007.96059,4806.63818,22593.370212
May-2021,238,10.84,5.2322,126215.73,5128.56,54478.49,1069.289,7073.129073,8035.734841,14181.552291,27.39880531,316,4204.11,6024.2014,4823.443225,21996.744341999998
Jun-2021,232.5,9.5,5.0022,126801.66,5165.14,54822.42,1075.733,7063.914963,8069.511604,14211.940431,27.54401898,281,4297.5,6042.74239,4840.405223,21496.9545
Jul-2021,250.35,10.12,5.1216,121800.79,4961.98,52632.97,1084.095,7065.930796,8039.38181,14144.574565,27.80844156,304,4395.26,6064.23137,4862.207313,22510.763616
Aug-2021,254,10.02,5.1433,118781.03,4804.55,50920.04,1091.29,7076.617206,7951.783869,14060.200453,28.050375,298.5,4522.68,6090.183,4883.753599,23261.500044
Sep-2021,255,10.2,5.4394,110979.1,4474.2,47360.36,1084.312,7147.498088,7941.203634,14013.887537,28.37575935,304,4307.54,6117.10108,4907.753729,23430.433076
Oct-2021,283,10.77,5.643,103500.71,4151.71,44133.83,1091.283,7059.183158,7739.164845,13645.647121,28.73045635,318.5,4605.38,6146.82947,4936.044565,25988.15934
Nov-2021,280.55,10.65,5.6199,101915.45,4079.71,43387.81,1091.483,7235.716836,8007.442218,13889.816367,29.00339568,320,4567,6182.89628,4966.510396,25666.083300000002
Dec-2021,293.56,10.85,5.5805,104822.44,4216.07,44749.56,1100.988,7292.639404,8025.440731,14151.73434,29.21512047,330,4766.18,6230.44826,5005.131739,26597.66749
Jan-2022,260.4,10.19,5.3574,112143.51,4489.06,47822.25,1120.999,7300.855344,7966.526796,14140.375589,29.37288212,302.5,4515.55,6276.07231,5046.493488,24191.60757
Feb-2022,245.5,10.39,5.1394,113141.94,4531.28,48520.15,1141.546,7378.430976,8009.906914,14222.998664,29.66954823,307.012,4373.94,6323.45877,5092.73612,22479.427236
Mar-2022,235.65,9.83,4.7378,119999.23,4808.33,51410.77,1161.418,7570.830661,8255.885296,14343.110191,30.15019491,292,4530.41,6382.08048,5139.106769,21464.176498
Apr-2022,224.1,9.99,4.9191,107876.16,4335.38,46211.94,1177.809,7688.634668,8324.496195,14325.528432,30.46978698,299,4131.93,6435.32779,5174.80215,20325.376863
May-2022,214.5,9.28,4.7289,111350.51,4460.52,47705.44,1183.953,7748.751796,8404.822542,14408.837601,30.61299498,279,4132.15,6501.90751,5232.125481,19540.524135
Jun-2022,216.7,10.06,5.238,98541.95,3936.54,42188.99,1190.882,7774.652921,8374.250266,14461.867229,30.81810204,300.2,3785.38,6567.92288,5287.880209,19827.820440000003
Jul-2022,234.5,9.71,5.1884,103164.69,4115.06,44044.97,1193.337,7775.502537,8300.784254,14627.673081,30.60853895,290,4130.29,6635.89121,5342.895547,21429.596636
Aug-2022,226,9.45,5.179,109522.88,4379.79,46753.63,1185.004,7775.543678,8392.501782,14928.165781,30.49834821,285,3955,6713.4889,5406.347883,20482.945
Sep-2022,213.5,9.52,5.4066,110036.79,4373.01,46730.97,1173.793,7808.406505,8516.628582,15136.493995,30.409903,287,3585.62,6785.45637,5466.365447,19386.013092
Oct-2022,220.24,8.95,5.257,116037.08,4621.79,49334.78,1162.391,7957.935644,8621.599291,15276.814942,30.58932143,271,3871.98,6854.71393,5525.216353,20354.99886
Nov-2022,233.25,9.76,5.2941,112486.01,4456.36,47801.7,1155.829,7931.43136,8553.241126,15176.45078,30.71473764,289,4080.11,6924.6784,5581.129407,21600.510351
Dec-2022,225,10.17,5.2177,109734.6,4341.74,46546.89,1161.006,8006.017499,8536.599187,15400.582715,30.90516902,302,3839.5,7002.46438,5642.834522,20033.35915
Jan-2023,228.2,10.38,5.0993,113430.54,4493.4,48181.14,1163.465,8117.813278,8536.52693,15529.494053,31.06896641,310.2,4076.6,7081.12415,5707.455037,20787.80638
Feb-2023,229.3,10.13,5.2078,104931.93,4156.58,44526.06,1162.761,8232.056043,8645.939192,15663.384816,31.32994573,303.999,3970.15,7146.13892,5762.461513,20675.74717
Mar-2023,229.75,10.58,5.0804,101882.2,4032.87,43160.72,1163.359,8356.976115,8876.237983,15999.45974,31.55238834,317,4109.31,7230.08276,5828.979829,20876.938524
Apr-2023,229.75,10.5,5.0007,104431.63,4116.26,43994.42,1152.307,8432.37564,9055.567324,16175.345044,31.74485791,314,4169.48,7296.46518,5878.872546,20850.318636
May-2023,233.25,10.54,5.0959,108335.07,4282.67,45575.35,1131.058,8480.626075,9284.772458,16531.041322,31.81787109,314,4179.83,7378.4275,5949.994517,21299.995697000002
Jun-2023,235.25,9.76,4.8192,118087,4666,49616.33,1109.23,8569.774661,9506.820192,16882.102498,31.79241679,294.49,4450.38,7457.523,6017.570676,21447.271296000003
Jul-2023,239.82,9.82,4.7415,121942.98,4817.54,51263.88,1101.204,8653.276638,9583.68375,17031.734296,31.83056769,294,4588.96,7537.46638,6081.537423,21758.55384
Aug-2023,247.65,10.14,4.9219,115741.81,4575.81,48697.59,1099.71,8706.200477,9547.615997,17161.423013,31.903778,306,4507.66,7623.20552,6153.180077,22186.251754
Sep-2023,238.79,9.81,5.0076,116565.17,4612.53,49108.5,1103.74,8717.790158,9457.326587,17190.775221,31.98672782,298.15,4288.05,7697.37243,6214.985133,21472.839180000003
Oct-2023,234,10.57,5.0575,113143.67,4456.6,47621.19,1109.236,8690.655548,9395.311059,17255.090534,32.06349597,295.2,4193.8,7774.15925,6274.775279,21210.143500000002
Nov-2023,249.7,10.57,4.9355,127331.12,5003.92,53515.32,1115.815,8847.40742,9641.872733,17681.173283,32.15327375,286.8,4567.8,7845.36987,6332.054975,22544.376900000003
Dec-2023,257.61,10.58,4.8413,134185.24,5288.07,56449.62,1124.072,8976.762817,9907.091003,17943.073578,32.33333209,284,4769.83,7915.54897,6390.428143,23092.177979
Jan-2024,266.62,10.64,4.9535,127752.28,5046.66,53905,1124.879,9037.673456,9862.560678,18062.640669,32.46913208,304.998,4845.65,7992.06823,6453.405928,24002.927275
Feb-2024,281.1,10.7,4.9833,129020.02,5093.14,54423.74,1119.061,9091.293259,9916.762551,18145.793172,32.73862588,309.999,5096.27,8056.0214,6506.259483,25396.242291000002
Mar-2024,292.6,11.72,4.9962,128106.1,5065.92,54026.97,1113.837,9161.308284,9924.477803,18243.935332,32.7910077,343,5254.35,8123.02144,6562.296011,26251.783470000002
Apr-2024,291,12.51,5.1718,125924.19,4982.45,53304.46,1117.28,9142.722554,9764.246642,18148.42322,32.91561351,,5035.69,8195.10699,6621.538585,26043.581542
May-2024,308.2,12.87,5.2416,122098.09,4829.61,51611.23,1127.233,9238.642932,9894.052581,18267.645226,33.06702533,,5277.51,8263.32578,6676.747671,27662.596416
Jun-2024,339.83,13.65,5.5589,123906.55,4895.75,52388.06,1136.409,9274.906702,9798.312671,18213.783503,33.13646608,,5460.48,8328.46795,6730.55446,30354.262272
Jul-2024,347.7,14.56,5.6621,127651.81,5039.8,53906.38,1143.313,9359.676674,10003.448845,18457.931941,33.26238466,,5522.3,8404.01656,6793.674941,31267.81483
Aug-2024,354.85,14.82,5.6562,136004.01,5371.12,57461.68,1146.575,9414.894167,10055.168258,18579.102226,33.25573218,,5648.4,8476.92162,6854.666812,31948.480079999998
Sep-2024,346.75,14.94,5.5207,135118.22,5344.82,57113.77,,9456.792053,10048.15662,18696.193608,,,5633.09,8513.61098,6884.998899,31098.599963
